RM156,PRO_Wt_1,CATCAATC
RM157,NES_Wt_1,CATCACGC
RM159,NES_Wt_2,CATCACGC
RM160,NES_Wt_3,CATCACGC
RM161,PRO_Wt_2,CATCAATC
RM162,PRO_Wt_3,CATCAATC
RM154,NES_Wt_4,CATCACGC
RM180,NES_Wt_5,CATCACGC
RM182,PRO_Wt_4,CATCAATC
RM183,NEU_Wt_1,CATCATCC
RM185,NEU_Wt_2,CATCATCC
RM186,NEU_Wt_3,CATCATCC
RM215,N9.1,ATTCGCGA
RM216,N9.2,TCCGACGA
RM217,N9.3,GAATCTCG
RM218,P9.1,ATTCGCGA
RM219,P9.2,TCCGACGA
RM220,P9.3,GAATCTCG
RM221,W9.1,ATTCGCGA
RM222,W9.2,TCCGACGA
RM223,W9.3,GAATCTCG
RM206,N7.1,ATTCGCGA
RM207,N7.2,TCCGACGA
RM208,N7.3,GAATCTCG
RM209,P7.1,ATTCGCGA
RM210,P7.2,TCCGACGA
RM211,P7.3,GAATCTCG
RM212,W7.1,ATTCGCGA
RM213,W7.2,TCCGACGA
RM214,W7.3,GAATCTCG
RM197,N22.1,TCCGACGA
RM198,N22.2,ATTCGCGA
RM199,N22.3,GAATCTCG
RM200,P22.1,ATTCGCGA
RM201,P22.2,TCCGACGA
RM202,P22.3,GAATCTCG
RM203,W22.1,ATTCGCGA
RM204,W22.2,TCCGACGA
RM205,W22.3,GAATCTCG
